{
  "clip_auc": 0.772764467709442,
  "gmm_components": 5,
  "macro_auc": 0.7724089938106377,
  "micro_auc": 0.773753597831316,
  "num_frames": 15324,
  "num_videos": 21,
  "per_video_auc": {
    "test_01": 0.7851490684407043,
    "test_02": 0.6001632531908578,
    "test_03": 0.9614288041707396,
    "test_04": 0.7909294512877941,
    "test_05": 0.9988096860660579,
    "test_06": 0.9750142798857608,
    "test_07": 0.7632571962866493,
    "test_08": 0.5135135135135135,
    "test_09": 0.5850697819072425,
    "test_10": 0.4592709934109425,
    "test_11": 0.7824441882402264,
    "test_12": 0.9428414512585769,
    "test_13": 0.9455124653739613,
    "test_14": 0.9576344086021505,
    "test_15": 0.9097804607673029,
    "test_16": 1.0,
    "test_17": 0.7848082150407732,
    "test_18": 0.5016949152542373,
    "test_19": 0.9724119981781508,
    "test_20": 0.5228763440860215,
    "test_21": 0.46797839506172845
  },
  "sigma_strategy": "single_sigma",
  "signal_kind": "score_norm",
  "single_sigma_index": 0,
  "smoothing_sigma": 20
}