{
  "clip_auc": 0.8399556848355298,
  "gmm_components": 1,
  "macro_auc": 0.8513686607000437,
  "micro_auc": 0.8450780052888214,
  "num_frames": 15324,
  "num_videos": 21,
  "per_video_auc": {
    "test_01": 0.8895159303273251,
    "test_02": 0.6842139111506876,
    "test_03": 0.974815357879874,
    "test_04": 0.8509518477043674,
    "test_05": 0.9985007496251874,
    "test_06": 0.970420236638107,
    "test_07": 0.9132104454685099,
    "test_08": 0.9864864864864865,
    "test_09": 0.7035804532908292,
    "test_10": 0.8007704776540429,
    "test_11": 0.8285609474897809,
    "test_12": 0.9345912649640477,
    "test_13": 0.9359556786703601,
    "test_14": 0.9592626728110599,
    "test_15": 0.9023520339309813,
    "test_16": 1.0,
    "test_17": 0.7533373603141045,
    "test_18": 0.9983050847457627,
    "test_19": 0.9091678053224023,
    "test_20": 0.5213172043010753,
    "test_21": 0.36342592592592593
  },
  "sigma_strategy": "gmm",
  "signal_kind": "log_density",
  "single_sigma_index": 0,
  "smoothing_sigma": 13
}