{
  "clip_auc": 0.8224975747353462,
  "gmm_components": 1,
  "macro_auc": 0.8443430807108356,
  "micro_auc": 0.8266516013086939,
  "num_frames": 15324,
  "num_videos": 21,
  "per_video_auc": {
    "test_01": 0.8967265120069747,
    "test_02": 0.7057138616800238,
    "test_03": 0.9845362224394483,
    "test_04": 0.8638297872340426,
    "test_05": 0.9997410385716233,
    "test_06": 0.969247926016592,
    "test_07": 0.9059974620984439,
    "test_08": 0.9864864864864865,
    "test_09": 0.6640905026629864,
    "test_10": 0.778824495295034,
    "test_11": 0.7963001781783879,
    "test_12": 0.9372187436490501,
    "test_13": 0.9381717451523546,
    "test_14": 0.9582488479262673,
    "test_15": 0.8100359070753806,
    "test_16": 1.0,
    "test_17": 0.7617336152219875,
    "test_18": 0.9983050847457627,
    "test_19": 0.9292081462684626,
    "test_20": 0.5095967741935484,
    "test_21": 0.33719135802469147
  },
  "sigma_strategy": "gmm",
  "signal_kind": "log_density",
  "single_sigma_index": 0,
  "smoothing_sigma": 15
}