{
  "clip_auc": 0.786365685883062,
  "gmm_components": 5,
  "macro_auc": 0.5043755662242546,
  "micro_auc": 0.7869830054669961,
  "num_frames": 15324,
  "num_videos": 21,
  "per_video_auc": {
    "test_01": 0.5012224938875306,
    "test_02": 0.5055555555555555,
    "test_03": 0.5056818181818182,
    "test_04": 0.5053191489361702,
    "test_05": 0.5015673981191222,
    "test_06": 0.5011627906976744,
    "test_07": 0.5040322580645161,
    "test_08": 0.5135135135135135,
    "test_09": 0.5017241379310344,
    "test_10": 0.503731343283582,
    "test_11": 0.503448275862069,
    "test_12": 0.5026178010471204,
    "test_13": 0.506578947368421,
    "test_14": 0.5066666666666667,
    "test_15": 0.5054945054945055,
    "test_16": 0.5045454545454545,
    "test_17": 0.5012987012987012,
    "test_18": 0.5016949152542373,
    "test_19": 0.5035460992907801,
    "test_20": 0.5032258064516129,
    "test_21": 0.5092592592592593
  },
  "sigma_strategy": "single_sigma",
  "signal_kind": "score_norm",
  "single_sigma_index": 0,
  "smoothing_sigma": 20
}