{
  "clip_auc": 0.831857805860411,
  "gmm_components": 1,
  "macro_auc": 0.8432560122941704,
  "micro_auc": 0.8358072328937366,
  "num_frames": 15324,
  "num_videos": 21,
  "per_video_auc": {
    "test_01": 0.8980947101078447,
    "test_02": 0.6984812506183833,
    "test_03": 0.9794585641359834,
    "test_04": 0.828567873584671,
    "test_05": 0.9981827268184089,
    "test_06": 0.9743669250645994,
    "test_07": 0.8963801509383557,
    "test_08": 0.9864864864864865,
    "test_09": 0.6712747346732496,
    "test_10": 0.7803401890406922,
    "test_11": 0.7968871187506551,
    "test_12": 0.9369864803398787,
    "test_13": 0.9299722991689752,
    "test_14": 0.9590783410138248,
    "test_15": 0.8174824079429343,
    "test_16": 1.0,
    "test_17": 0.7482633645424344,
    "test_18": 0.9983050847457627,
    "test_19": 0.9310299954453771,
    "test_20": 0.5168548387096774,
    "test_21": 0.3618827160493827
  },
  "sigma_strategy": "gmm",
  "signal_kind": "log_density",
  "single_sigma_index": 0,
  "smoothing_sigma": 15
}