{
  "clip_auc": 0.8399556848355298,
  "gmm_components": 1,
  "macro_auc": 0.8558255641101433,
  "micro_auc": 0.8447777297489517,
  "num_frames": 15324,
  "num_videos": 21,
  "per_video_auc": {
    "test_01": 0.8942211102897973,
    "test_02": 0.6812753537152468,
    "test_03": 0.9761865971543392,
    "test_04": 0.8511384845091452,
    "test_05": 0.9986461314797147,
    "test_06": 0.9706106351149191,
    "test_07": 0.9165998797836106,
    "test_08": 0.9864864864864865,
    "test_09": 0.7040372429343388,
    "test_10": 0.8170115571648107,
    "test_11": 0.8262970338538937,
    "test_12": 0.935675160406848,
    "test_13": 0.9351246537396123,
    "test_14": 0.9589247311827956,
    "test_15": 0.911931270483902,
    "test_16": 1.0,
    "test_17": 0.753035336756267,
    "test_18": 0.9983050847457627,
    "test_19": 0.9148936170212767,
    "test_20": 0.5175537634408602,
    "test_21": 0.4243827160493827
  },
  "sigma_strategy": "gmm",
  "signal_kind": "log_density",
  "single_sigma_index": 0,
  "smoothing_sigma": 15
}