{
  "clip_auc": 0.8411489605900188,
  "gmm_components": 2,
  "macro_auc": 0.8513853507926235,
  "micro_auc": 0.846574766219844,
  "num_frames": 15324,
  "num_videos": 21,
  "per_video_auc": {
    "test_01": 0.8863175451564604,
    "test_02": 0.6878846344117938,
    "test_03": 0.9752498099272292,
    "test_04": 0.8586910538758245,
    "test_05": 0.9983462814047522,
    "test_06": 0.9706079151366789,
    "test_07": 0.9152975355640152,
    "test_08": 0.9864864864864865,
    "test_09": 0.7027251875753217,
    "test_10": 0.7937182914763278,
    "test_11": 0.8285399853264858,
    "test_12": 0.9339138303122975,
    "test_13": 0.9369806094182827,
    "test_14": 0.9592012288786482,
    "test_15": 0.920594756121072,
    "test_16": 1.0,
    "test_17": 0.756055572334642,
    "test_18": 0.9983050847457627,
    "test_19": 0.9075411542715857,
    "test_20": 0.5215860215053764,
    "test_21": 0.34104938271604945
  },
  "sigma_strategy": "gmm",
  "signal_kind": "log_density",
  "single_sigma_index": 0,
  "smoothing_sigma": 12.0
}