{
  "clip_auc": 0.8064797112006059,
  "gmm_components": 5,
  "macro_auc": 0.9402431718391085,
  "micro_auc": 0.8251120568067416,
  "num_frames": 28101,
  "num_videos": 64,
  "per_video_auc": {
    "abnormal_scene_10_scenario_2": 0.9988938053097345,
    "abnormal_scene_10_scenario_9": 1.0,
    "abnormal_scene_11_scenario_4": 0.9988938053097345,
    "abnormal_scene_13_scenario_5_fog": 0.9988938053097345,
    "abnormal_scene_13_scenario_7": 0.9988814317673378,
    "abnormal_scene_14_scenario_1": 0.9988938053097345,
    "abnormal_scene_15_scenario_7": 0.9988938053097345,
    "abnormal_scene_16_scenario_1": 0.9035630645700903,
    "abnormal_scene_17_scenario_1": 0.9988938053097345,
    "abnormal_scene_17_scenario_10": 0.9988938053097345,
    "abnormal_scene_18_scenario_8": 0.9988938053097345,
    "abnormal_scene_21_scenario_4": 0.7966023875114784,
    "abnormal_scene_21_scenario_8": 0.9799291094373062,
    "abnormal_scene_22_scenario_5": 0.9988938053097345,
    "abnormal_scene_23_scenario_8": 0.6681422063775005,
    "abnormal_scene_24_scenario_6": 1.0,
    "abnormal_scene_24_scenario_8": 0.9988938053097345,
    "abnormal_scene_25_scenario_2": 0.9988938053097345,
    "abnormal_scene_25_scenario_6": 0.9988938053097345,
    "abnormal_scene_26_scenario_5": 0.9988938053097345,
    "abnormal_scene_27_scenario_1": 0.9988938053097345,
    "abnormal_scene_28_scenario_5": 0.20728045325779038,
    "abnormal_scene_28_scenario_6": 0.9646280505733608,
    "abnormal_scene_28_scenario_7": 0.35302159141168427,
    "abnormal_scene_2_scenario_2": 0.9989082969432315,
    "abnormal_scene_3_scenario_3": 1.0,
    "abnormal_scene_3_scenario_8": 0.5793946226495362,
    "abnormal_scene_4_scenario_3": 0.998917748917749,
    "abnormal_scene_4_scenario_7": 0.6782528685862741,
    "abnormal_scene_5_scenario_1": 1.0,
    "abnormal_scene_5_scenario_2": 0.998917748917749,
    "abnormal_scene_5_scenario_6": 0.983201581027668,
    "abnormal_scene_6_scenario_1": 0.99822695035461,
    "abnormal_scene_6_scenario_6": 0.11806702065949756,
    "abnormal_scene_8_scenario_8": 0.9988814317673378,
    "abnormal_scene_8_scenario_9": 0.9988938053097345,
    "abnormal_scene_9_scenario_5": 0.9988938053097345,
    "abnormal_scene_9_scenario_6": 0.9988938053097345,
    "normal_scene_12_scenario_5": 0.9988864142538976,
    "normal_scene_12_scenario_8": 0.9988864142538976,
    "normal_scene_14_scenario_1": 0.9988864142538976,
    "normal_scene_14_scenario_7": 0.9988864142538976,
    "normal_scene_15_scenario_7": 0.9988864142538976,
    "normal_scene_16_scenario_2": 0.9988864142538976,
    "normal_scene_16_scenario_3": 0.9988864142538976,
    "normal_scene_19_scenario_8": 0.9988864142538976,
    "normal_scene_1_scenario1_2": 0.9979919678714859,
    "normal_scene_1_scenario3_3": 0.9981412639405204,
    "normal_scene_20_scenario_1": 0.999001996007984,
    "normal_scene_20_scenario_6": 0.9988864142538976,
    "normal_scene_22_scenario_3": 0.9988864142538976,
    "normal_scene_22_scenario_6": 0.9988864142538976,
    "normal_scene_24_scenario_7": 0.9988864142538976,
    "normal_scene_25_scenario_1": 0.9988864142538976,
    "normal_scene_26_scenario_2": 0.9988864142538976,
    "normal_scene_28_scenario_4": 0.9988864142538976,
    "normal_scene_3_scenario_4": 0.9988864142538976,
    "normal_scene_4_scenario_3": 0.9988864142538976,
    "normal_scene_4_scenario_4": 0.9988864142538976,
    "normal_scene_4_scenario_7": 0.9988864142538976,
    "normal_scene_5_scenario_3": 0.9988864142538976,
    "normal_scene_6_scenario_5": 0.9988864142538976,
    "normal_scene_7_scenario_2": 0.9988864142538976,
    "normal_scene_8_scenario_2": 0.9989154013015185
  },
  "sigma_strategy": "single_sigma",
  "signal_kind": "score_norm",
  "single_sigma_index": 0,
  "smoothing_sigma": 20
}