{
  "clip_auc": 0.6860741538840853,
  "gmm_components": 5,
  "macro_auc": 0.8317233248944842,
  "micro_auc": 0.6898119211648689,
  "num_frames": 92491,
  "num_videos": 211,
  "per_video_auc": {
    "abnormal_scene_10_scenario_1": 0.9988938053097345,
    "abnormal_scene_10_scenario_3": 0.8028632132739781,
    "abnormal_scene_10_scenario_4": 0.9750554323725056,
    "abnormal_scene_10_scenario_5": 0.8247359621579742,
    "abnormal_scene_10_scenario_6": 0.999003984063745,
    "abnormal_scene_10_scenario_7": 0.5955509790461246,
    "abnormal_scene_10_scenario_8": 0.9431658995397239,
    "abnormal_scene_11_scenario_1": 0.7573547215496368,
    "abnormal_scene_11_scenario_1_fog": 0.8911854977939766,
    "abnormal_scene_11_scenario_2": 0.8197170241898676,
    "abnormal_scene_11_scenario_2_fog": 0.9060749299719888,
    "abnormal_scene_11_scenario_8": 0.8774027191748711,
    "abnormal_scene_11_scenario_9": 0.9041361482119775,
    "abnormal_scene_12_scenario_1": 0.3848231348231348,
    "abnormal_scene_12_scenario_1_smoke": 0.9988938053097345,
    "abnormal_scene_12_scenario_2": 0.8288971547268247,
    "abnormal_scene_12_scenario_3": 0.6068281022656412,
    "abnormal_scene_12_scenario_4": 0.46121718377088305,
    "abnormal_scene_12_scenario_8": 0.16711726160472895,
    "abnormal_scene_12_scenario_9": 0.7813367950730589,
    "abnormal_scene_13_scenario_1": 0.797507695950746,
    "abnormal_scene_13_scenario_1_fog": 0.7329219504830919,
    "abnormal_scene_13_scenario_2_fog": 0.9856194690265487,
    "abnormal_scene_13_scenario_3": 0.9988938053097345,
    "abnormal_scene_13_scenario_3_fog": 0.9988938053097345,
    "abnormal_scene_13_scenario_4": 0.9988938053097345,
    "abnormal_scene_13_scenario_4_fog": 0.9478857856139803,
    "abnormal_scene_13_scenario_5": 0.6602057281161758,
    "abnormal_scene_13_scenario_8": 0.6900019876764063,
    "abnormal_scene_13_scenario_9": 0.9988938053097345,
    "abnormal_scene_14_scenario_5": 0.13022119341563787,
    "abnormal_scene_14_scenario_6": 0.9988938053097345,
    "abnormal_scene_14_scenario_7": 0.9988938053097345,
    "abnormal_scene_14_scenario_8": 0.08082191780821917,
    "abnormal_scene_15_scenario_1": 0.9590137316756355,
    "abnormal_scene_15_scenario_2": 0.9261825131390349,
    "abnormal_scene_15_scenario_3": 0.9352581097941359,
    "abnormal_scene_15_scenario_4": 0.6771978021978022,
    "abnormal_scene_15_scenario_5": 0.9627989737647935,
    "abnormal_scene_15_scenario_6": 0.9967247559016191,
    "abnormal_scene_15_scenario_8": 0.9529072082835524,
    "abnormal_scene_15_scenario_9": 0.9988938053097345,
    "abnormal_scene_16_scenario_2": 0.287898038592869,
    "abnormal_scene_16_scenario_3": 0.8962920379419373,
    "abnormal_scene_16_scenario_4": 0.2964922048997773,
    "abnormal_scene_17_scenario_1_smoke": 0.9856194690265487,
    "abnormal_scene_17_scenario_2": 0.15953090096798211,
    "abnormal_scene_17_scenario_2_fire": 0.9988938053097345,
    "abnormal_scene_17_scenario_4": 0.9985580389329488,
    "abnormal_scene_17_scenario_5": 0.9988938053097345,
    "abnormal_scene_17_scenario_6": 0.9988938053097345,
    "abnormal_scene_17_scenario_7": 0.9856194690265487,
    "abnormal_scene_17_scenario_9": 0.08802816901408451,
    "abnormal_scene_18_scenario_5": 0.6350471589602025,
    "abnormal_scene_18_scenario_6": 0.8998618784530388,
    "abnormal_scene_18_scenario_7": 0.9988938053097345,
    "abnormal_scene_19_scenario_5": 0.8113256424426637,
    "abnormal_scene_19_scenario_6": 0.9607473356431736,
    "abnormal_scene_19_scenario_7": 0.02649266931331315,
    "abnormal_scene_19_scenario_8": 0.7026388424222149,
    "abnormal_scene_1_scenario_1": 0.38356009070294783,
    "abnormal_scene_1_scenario_2": 0.991285030758715,
    "abnormal_scene_1_scenario_4": 0.5068257414764852,
    "abnormal_scene_1_scenario_5": 1.0,
    "abnormal_scene_1_scenario_6": 0.7835887384176764,
    "abnormal_scene_1_scenario_7": 0.30288461538461536,
    "abnormal_scene_1_scenario_8": 0.8449657869012708,
    "abnormal_scene_1_scenario_9": 0.8046368204659662,
    "abnormal_scene_20_scenario_1": 0.9914544235924933,
    "abnormal_scene_20_scenario_2": 0.6704162840526477,
    "abnormal_scene_20_scenario_3": 0.4805707196029777,
    "abnormal_scene_20_scenario_4": 0.6964565848301827,
    "abnormal_scene_21_scenario_1": 0.9068441882474404,
    "abnormal_scene_21_scenario_2": 0.9988814317673378,
    "abnormal_scene_21_scenario_3": 0.9988938053097345,
    "abnormal_scene_22_scenario_1": 0.3779673135852911,
    "abnormal_scene_22_scenario_2": 0.295962302782127,
    "abnormal_scene_22_scenario_3": 0.9988938053097345,
    "abnormal_scene_22_scenario_4": 0.302415102299093,
    "abnormal_scene_23_scenario_1": 0.5636704119850187,
    "abnormal_scene_23_scenario_2": 0.6637931034482759,
    "abnormal_scene_23_scenario_3": 0.47941503334006874,
    "abnormal_scene_23_scenario_4": 0.8457318280847693,
    "abnormal_scene_24_scenario_1": 0.9988938053097345,
    "abnormal_scene_24_scenario_2": 0.2449321579460513,
    "abnormal_scene_24_scenario_3": 0.6515337782461069,
    "abnormal_scene_24_scenario_4": 1.0,
    "abnormal_scene_25_scenario_1": 0.8055277903983039,
    "abnormal_scene_25_scenario_3": 0.9856194690265487,
    "abnormal_scene_25_scenario_4": 0.9988938053097345,
    "abnormal_scene_26_scenario_1": 0.9229396892712963,
    "abnormal_scene_26_scenario_2": 0.9988938053097345,
    "abnormal_scene_26_scenario_3": 0.6625704652020441,
    "abnormal_scene_26_scenario_4": 0.999665327978581,
    "abnormal_scene_27_scenario_1_smoke": 0.9988938053097345,
    "abnormal_scene_27_scenario_2": 0.9988938053097345,
    "abnormal_scene_27_scenario_2_fire": 0.9988938053097345,
    "abnormal_scene_27_scenario_3": 0.7510260207319652,
    "abnormal_scene_27_scenario_4": 0.9916859122401847,
    "abnormal_scene_28_scenario_1": 0.7245855995855996,
    "abnormal_scene_28_scenario_2": 0.35567329182630913,
    "abnormal_scene_28_scenario_3": 0.7793266180203046,
    "abnormal_scene_28_scenario_4": 0.6032470462750246,
    "abnormal_scene_29_scenario_1": 0.8535615704692457,
    "abnormal_scene_29_scenario_1_smoke": 0.9988938053097345,
    "abnormal_scene_29_scenario_2": 0.8235049833887044,
    "abnormal_scene_29_scenario_2_smoke": 0.9821443453621136,
    "abnormal_scene_29_scenario_3": 0.6560924369747899,
    "abnormal_scene_29_scenario_4": 0.9300318852132324,
    "abnormal_scene_2_scenario_1": 0.9985215053763441,
    "abnormal_scene_2_scenario_4": 0.9988938053097345,
    "abnormal_scene_2_scenario_5": 0.998917748917749,
    "abnormal_scene_2_scenario_6": 0.8326651802941303,
    "abnormal_scene_3_scenario_1": 0.2014933752526387,
    "abnormal_scene_3_scenario_2": 0.17872881355932202,
    "abnormal_scene_3_scenario_6": 0.9996650056530297,
    "abnormal_scene_4_scenario_1": 0.061877394636015354,
    "abnormal_scene_4_scenario_1_fire": 0.9988938053097345,
    "abnormal_scene_4_scenario_2_fire": 0.9856194690265487,
    "abnormal_scene_4_scenario_4": 0.7799399270542803,
    "abnormal_scene_4_scenario_6": 0.9988938053097345,
    "abnormal_scene_5_scenario_1_smoke": 0.9988938053097345,
    "abnormal_scene_5_scenario_2_smoke": 0.9988938053097345,
    "abnormal_scene_5_scenario_4": 0.998917748917749,
    "abnormal_scene_5_scenario_5": 0.28197663971248876,
    "abnormal_scene_5_scenario_7": 0.998917748917749,
    "abnormal_scene_5_scenario_8": 0.9955075887743413,
    "abnormal_scene_6_scenario_2": 0.47999297999297996,
    "abnormal_scene_6_scenario_3": 0.23688432369364118,
    "abnormal_scene_6_scenario_8": 0.8250051964248597,
    "abnormal_scene_7_scenario_1": 0.7203531376759724,
    "abnormal_scene_7_scenario_10": 0.9988938053097345,
    "abnormal_scene_7_scenario_1_fire": 0.9988938053097345,
    "abnormal_scene_7_scenario_1_fog": 0.9070071501532175,
    "abnormal_scene_7_scenario_2": 0.9606921932503328,
    "abnormal_scene_7_scenario_2_fog": 0.8198303244742873,
    "abnormal_scene_7_scenario_2_smoke": 0.9988938053097345,
    "abnormal_scene_7_scenario_3": 0.9988938053097345,