{
  "clip_auc": 0.739563911315385,
  "gmm_components": 5,
  "macro_auc": 0.837687606652718,
  "micro_auc": 0.7428510954405865,
  "num_frames": 92491,
  "num_videos": 211,
  "per_video_auc": {
    "abnormal_scene_10_scenario_1": 0.9988938053097345,
    "abnormal_scene_10_scenario_3": 0.6662687171185755,
    "abnormal_scene_10_scenario_4": 0.996119733924612,
    "abnormal_scene_10_scenario_5": 0.9193002487460752,
    "abnormal_scene_10_scenario_6": 0.999003984063745,
    "abnormal_scene_10_scenario_7": 0.586553234611487,
    "abnormal_scene_10_scenario_8": 0.9423253952371422,
    "abnormal_scene_11_scenario_1": 0.5520278450363196,
    "abnormal_scene_11_scenario_1_fog": 0.6102771916362938,
    "abnormal_scene_11_scenario_2": 0.8391830214513921,
    "abnormal_scene_11_scenario_2_fog": 0.9092261904761906,
    "abnormal_scene_11_scenario_8": 0.8783208313799031,
    "abnormal_scene_11_scenario_9": 0.9128118757588813,
    "abnormal_scene_12_scenario_1": 0.8745856245856246,
    "abnormal_scene_12_scenario_1_smoke": 0.9988938053097345,
    "abnormal_scene_12_scenario_2": 0.8282570890295154,
    "abnormal_scene_12_scenario_3": 0.8671170234878405,
    "abnormal_scene_12_scenario_4": 0.14912958023304787,
    "abnormal_scene_12_scenario_8": 0.08552902900609446,
    "abnormal_scene_12_scenario_9": 0.7671577506742342,
    "abnormal_scene_13_scenario_1": 0.5795938905991002,
    "abnormal_scene_13_scenario_1_fog": 0.6948218599033816,
    "abnormal_scene_13_scenario_2_fog": 0.9856194690265487,
    "abnormal_scene_13_scenario_3": 0.9988938053097345,
    "abnormal_scene_13_scenario_3_fog": 0.9988938053097345,
    "abnormal_scene_13_scenario_4": 0.9988938053097345,
    "abnormal_scene_13_scenario_4_fog": 0.96157746918396,
    "abnormal_scene_13_scenario_5": 0.7802440500201694,
    "abnormal_scene_13_scenario_8": 0.6701749155237527,
    "abnormal_scene_13_scenario_9": 0.9988938053097345,
    "abnormal_scene_14_scenario_5": 0.392309670781893,
    "abnormal_scene_14_scenario_6": 0.9988938053097345,
    "abnormal_scene_14_scenario_7": 0.9988938053097345,
    "abnormal_scene_14_scenario_8": 0.09695585996955858,
    "abnormal_scene_15_scenario_1": 0.9639079606606049,
    "abnormal_scene_15_scenario_2": 0.8747122442774617,
    "abnormal_scene_15_scenario_3": 0.9016687461010604,
    "abnormal_scene_15_scenario_4": 0.7804334554334554,
    "abnormal_scene_15_scenario_5": 0.9640403873210295,
    "abnormal_scene_15_scenario_6": 1.0,
    "abnormal_scene_15_scenario_8": 0.8483671843886897,
    "abnormal_scene_15_scenario_9": 0.9988938053097345,
    "abnormal_scene_16_scenario_2": 0.31604859842769795,
    "abnormal_scene_16_scenario_3": 0.8978154642138546,
    "abnormal_scene_16_scenario_4": 0.2964922048997773,
    "abnormal_scene_17_scenario_1_smoke": 0.9988938053097345,
    "abnormal_scene_17_scenario_2": 0.45239626345359774,
    "abnormal_scene_17_scenario_2_fire": 0.9988938053097345,
    "abnormal_scene_17_scenario_4": 1.0,
    "abnormal_scene_17_scenario_5": 0.9988938053097345,
    "abnormal_scene_17_scenario_6": 0.9988938053097345,
    "abnormal_scene_17_scenario_7": 0.9856194690265487,
    "abnormal_scene_17_scenario_9": 0.08473622801900159,
    "abnormal_scene_18_scenario_5": 0.6277202668507017,
    "abnormal_scene_18_scenario_6": 0.909063210919727,
    "abnormal_scene_18_scenario_7": 0.9988938053097345,
    "abnormal_scene_19_scenario_5": 0.708569356175739,
    "abnormal_scene_19_scenario_6": 0.9672821367483883,
    "abnormal_scene_19_scenario_7": 0.06762705868480012,
    "abnormal_scene_19_scenario_8": 0.9349698895951825,
    "abnormal_scene_1_scenario_1": 0.4017006802721088,
    "abnormal_scene_1_scenario_2": 0.9974367737525631,
    "abnormal_scene_1_scenario_4": 0.344578675043888,
    "abnormal_scene_1_scenario_5": 1.0,
    "abnormal_scene_1_scenario_6": 0.7843014967925873,
    "abnormal_scene_1_scenario_7": 0.30288461538461536,
    "abnormal_scene_1_scenario_8": 0.7710654936461387,
    "abnormal_scene_1_scenario_9": 0.8183417085427136,
    "abnormal_scene_20_scenario_1": 0.9984919571045576,
    "abnormal_scene_20_scenario_2": 0.6927609427609427,
    "abnormal_scene_20_scenario_3": 0.33235732009925556,
    "abnormal_scene_20_scenario_4": 0.7642560200800061,
    "abnormal_scene_21_scenario_1": 0.8989503570506754,
    "abnormal_scene_21_scenario_2": 0.9988814317673378,
    "abnormal_scene_21_scenario_3": 0.9988938053097345,
    "abnormal_scene_22_scenario_1": 0.5234831460674157,
    "abnormal_scene_22_scenario_2": 0.3912892930266169,
    "abnormal_scene_22_scenario_3": 0.9988938053097345,
    "abnormal_scene_22_scenario_4": 0.3328939042396119,
    "abnormal_scene_23_scenario_1": 0.3184829447062141,
    "abnormal_scene_23_scenario_2": 0.6971284323116219,
    "abnormal_scene_23_scenario_3": 0.5610982016569004,
    "abnormal_scene_23_scenario_4": 0.8548029312735195,
    "abnormal_scene_24_scenario_1": 0.9988938053097345,
    "abnormal_scene_24_scenario_2": 0.3718617972050699,
    "abnormal_scene_24_scenario_3": 0.5930609218280452,
    "abnormal_scene_24_scenario_4": 0.9969223038753847,
    "abnormal_scene_25_scenario_1": 0.8040436165379373,
    "abnormal_scene_25_scenario_3": 0.9988938053097345,
    "abnormal_scene_25_scenario_4": 0.9988938053097345,
    "abnormal_scene_26_scenario_1": 0.9115218366431513,
    "abnormal_scene_26_scenario_2": 0.9988938053097345,
    "abnormal_scene_26_scenario_3": 0.5425425425425425,
    "abnormal_scene_26_scenario_4": 0.9987794314512954,
    "abnormal_scene_27_scenario_1_smoke": 0.9988938053097345,
    "abnormal_scene_27_scenario_2": 0.9988938053097345,
    "abnormal_scene_27_scenario_2_fire": 0.9988938053097345,
    "abnormal_scene_27_scenario_3": 0.7797122910937169,
    "abnormal_scene_27_scenario_4": 0.9808891454965357,
    "abnormal_scene_28_scenario_1": 0.5330009496676164,
    "abnormal_scene_28_scenario_2": 0.4287496008939974,
    "abnormal_scene_28_scenario_3": 0.816366592639594,
    "abnormal_scene_28_scenario_4": 0.6940946012471282,
    "abnormal_scene_29_scenario_1": 0.8339513039179335,
    "abnormal_scene_29_scenario_1_smoke": 0.9988938053097345,
    "abnormal_scene_29_scenario_2": 0.788796118202483,
    "abnormal_scene_29_scenario_2_smoke": 0.9826235519626636,
    "abnormal_scene_29_scenario_3": 0.7152521008403361,
    "abnormal_scene_29_scenario_4": 0.9599043443603029,
    "abnormal_scene_2_scenario_1": 0.9880376344086022,
    "abnormal_scene_2_scenario_4": 0.9988938053097345,
    "abnormal_scene_2_scenario_5": 0.998917748917749,
    "abnormal_scene_2_scenario_6": 0.9720876388114736,
    "abnormal_scene_3_scenario_1": 0.3737087356838087,
    "abnormal_scene_3_scenario_2": 0.3000847457627119,
    "abnormal_scene_3_scenario_6": 0.9998115656798291,
    "abnormal_scene_4_scenario_1": 0.04099616858237551,
    "abnormal_scene_4_scenario_1_fire": 0.9988938053097345,
    "abnormal_scene_4_scenario_2_fire": 0.9856194690265487,
    "abnormal_scene_4_scenario_4": 0.7631624114996782,
    "abnormal_scene_4_scenario_6": 0.9988938053097345,
    "abnormal_scene_5_scenario_1_smoke": 0.9988938053097345,
    "abnormal_scene_5_scenario_2_smoke": 0.9988938053097345,
    "abnormal_scene_5_scenario_4": 0.998917748917749,
    "abnormal_scene_5_scenario_5": 0.21556154537286606,
    "abnormal_scene_5_scenario_7": 0.998917748917749,
    "abnormal_scene_5_scenario_8": 0.9971542096219931,
    "abnormal_scene_6_scenario_2": 0.4162279162279162,
    "abnormal_scene_6_scenario_3": 0.1799212434369531,
    "abnormal_scene_6_scenario_8": 0.9051132820619414,
    "abnormal_scene_7_scenario_1": 0.9699753439910921,
    "abnormal_scene_7_scenario_10": 0.9988938053097345,
    "abnormal_scene_7_scenario_1_fire": 0.9856194690265487,
    "abnormal_scene_7_scenario_1_fog": 0.9266802860061288,
    "abnormal_scene_7_scenario_2": 0.9652533082765641,
    "abnormal_scene_7_scenario_2_fog": 0.8644807205178722,
    "abnormal_scene_7_scenario_2_smoke": 0.9988938053097345,
    "abnormal_scene_7_scenario_3": 0.9988938053097345,
    "abnormal_scene_7_scenario_3_fog": 0.9988938053097345,