{
  "clip_auc": 0.6812448227215346,
  "gmm_components": 5,
  "macro_auc": 0.8323470808598912,
  "micro_auc": 0.6879214896630512,
  "num_frames": 92491,
  "num_videos": 211,
  "per_video_auc": {
    "abnormal_scene_10_scenario_1": 0.9988938053097345,
    "abnormal_scene_10_scenario_3": 0.7433630109267504,
    "abnormal_scene_10_scenario_4": 0.996119733924612,
    "abnormal_scene_10_scenario_5": 0.8087305794560209,
    "abnormal_scene_10_scenario_6": 0.999003984063745,
    "abnormal_scene_10_scenario_7": 0.7047415906639208,
    "abnormal_scene_10_scenario_8": 0.9669001400840505,
    "abnormal_scene_11_scenario_1": 0.7175242130750606,
    "abnormal_scene_11_scenario_1_fog": 0.625287742183004,
    "abnormal_scene_11_scenario_2": 0.7218849840255591,
    "abnormal_scene_11_scenario_2_fog": 0.88203197945845,
    "abnormal_scene_11_scenario_8": 0.8275316455696203,
    "abnormal_scene_11_scenario_9": 0.9099721906701657,
    "abnormal_scene_12_scenario_1": 0.3388908388908389,
    "abnormal_scene_12_scenario_1_smoke": 0.9988938053097345,
    "abnormal_scene_12_scenario_2": 0.8589440123665524,
    "abnormal_scene_12_scenario_3": 0.9583662440241114,
    "abnormal_scene_12_scenario_4": 0.06170153025410642,
    "abnormal_scene_12_scenario_8": 0.16583421161160242,
    "abnormal_scene_12_scenario_9": 0.7166807551422936,
    "abnormal_scene_13_scenario_1": 0.8179907648591048,
    "abnormal_scene_13_scenario_1_fog": 0.8346542874396135,
    "abnormal_scene_13_scenario_2_fog": 0.9988938053097345,
    "abnormal_scene_13_scenario_3": 0.9988938053097345,
    "abnormal_scene_13_scenario_3_fog": 0.9988938053097345,
    "abnormal_scene_13_scenario_4": 0.9988938053097345,
    "abnormal_scene_13_scenario_4_fog": 0.903026993290685,
    "abnormal_scene_13_scenario_5": 0.9391891891891891,
    "abnormal_scene_13_scenario_8": 0.6560027827469688,
    "abnormal_scene_13_scenario_9": 0.9988938053097345,
    "abnormal_scene_14_scenario_5": 0.6867026748971194,
    "abnormal_scene_14_scenario_6": 0.9988938053097345,
    "abnormal_scene_14_scenario_7": 0.9988938053097345,
    "abnormal_scene_14_scenario_8": 0.09764079147640789,
    "abnormal_scene_15_scenario_1": 0.9472536648728892,
    "abnormal_scene_15_scenario_2": 0.7584589323719758,
    "abnormal_scene_15_scenario_3": 0.9151980661260137,
    "abnormal_scene_15_scenario_4": 0.680006105006105,
    "abnormal_scene_15_scenario_5": 0.9479227013158982,
    "abnormal_scene_15_scenario_6": 0.997486919622626,
    "abnormal_scene_15_scenario_8": 0.8120104871896987,
    "abnormal_scene_15_scenario_9": 0.9988938053097345,
    "abnormal_scene_16_scenario_2": 0.26101802588739775,
    "abnormal_scene_16_scenario_3": 0.9061080770336303,
    "abnormal_scene_16_scenario_4": 0.4930400890868597,
    "abnormal_scene_17_scenario_1_smoke": 0.9856194690265487,
    "abnormal_scene_17_scenario_2": 0.1299837541460773,
    "abnormal_scene_17_scenario_2_fire": 0.9988938053097345,
    "abnormal_scene_17_scenario_4": 0.9908795962509013,
    "abnormal_scene_17_scenario_5": 0.9988938053097345,
    "abnormal_scene_17_scenario_6": 0.9988938053097345,
    "abnormal_scene_17_scenario_7": 0.9988938053097345,
    "abnormal_scene_17_scenario_9": 0.08175681306775566,
    "abnormal_scene_18_scenario_5": 0.7057165861513688,
    "abnormal_scene_18_scenario_6": 0.9323813779655509,
    "abnormal_scene_18_scenario_7": 0.9988938053097345,
    "abnormal_scene_19_scenario_5": 0.6417000552638851,
    "abnormal_scene_19_scenario_6": 0.9535327397921144,
    "abnormal_scene_19_scenario_7": 0.03427538225698676,
    "abnormal_scene_19_scenario_8": 0.9507360321177651,
    "abnormal_scene_1_scenario_1": 0.264172335600907,
    "abnormal_scene_1_scenario_2": 0.5674128503075871,
    "abnormal_scene_1_scenario_4": 0.1473482398595584,
    "abnormal_scene_1_scenario_5": 0.8903796799516909,
    "abnormal_scene_1_scenario_6": 0.6207234497505346,
    "abnormal_scene_1_scenario_7": 0.26746467817896385,
    "abnormal_scene_1_scenario_8": 0.8979472140762463,
    "abnormal_scene_1_scenario_9": 0.6930333485609866,
    "abnormal_scene_20_scenario_1": 0.9787868632707776,
    "abnormal_scene_20_scenario_2": 0.7824762779308234,
    "abnormal_scene_20_scenario_3": 0.3864267990074442,
    "abnormal_scene_20_scenario_4": 0.6653070829084634,
    "abnormal_scene_21_scenario_1": 0.8954443775273165,
    "abnormal_scene_21_scenario_2": 0.9988814317673378,
    "abnormal_scene_21_scenario_3": 0.9988938053097345,
    "abnormal_scene_22_scenario_1": 0.6074974463738508,
    "abnormal_scene_22_scenario_2": 0.6939509815729255,
    "abnormal_scene_22_scenario_3": 0.9988938053097345,
    "abnormal_scene_22_scenario_4": 0.38994937776840327,
    "abnormal_scene_23_scenario_1": 0.8390117192219404,
    "abnormal_scene_23_scenario_2": 0.7283385217113665,
    "abnormal_scene_23_scenario_3": 0.6141897353000606,
    "abnormal_scene_23_scenario_4": 0.679778173895821,
    "abnormal_scene_24_scenario_1": 0.9988938053097345,
    "abnormal_scene_24_scenario_2": 0.36821579460513487,
    "abnormal_scene_24_scenario_3": 0.7016742770167428,
    "abnormal_scene_24_scenario_4": 1.0,
    "abnormal_scene_25_scenario_1": 0.8221414508556717,
    "abnormal_scene_25_scenario_3": 0.9988938053097345,
    "abnormal_scene_25_scenario_4": 0.9988938053097345,
    "abnormal_scene_26_scenario_1": 0.8787057048485096,
    "abnormal_scene_26_scenario_2": 0.9988938053097345,
    "abnormal_scene_26_scenario_3": 0.5821742795427006,
    "abnormal_scene_26_scenario_4": 0.9344239703913694,
    "abnormal_scene_27_scenario_1_smoke": 0.9988938053097345,
    "abnormal_scene_27_scenario_2": 0.9856194690265487,
    "abnormal_scene_27_scenario_2_fire": 0.9988938053097345,
    "abnormal_scene_27_scenario_3": 0.4398138354135815,
    "abnormal_scene_27_scenario_4": 0.9851616628175519,
    "abnormal_scene_28_scenario_1": 0.7787382370715704,
    "abnormal_scene_28_scenario_2": 0.6106222062579821,
    "abnormal_scene_28_scenario_3": 0.6516894035532995,
    "abnormal_scene_28_scenario_4": 0.6885768788972759,
    "abnormal_scene_29_scenario_1": 0.6290425575742593,
    "abnormal_scene_29_scenario_1_smoke": 0.9988938053097345,
    "abnormal_scene_29_scenario_2": 0.9198067844028676,
    "abnormal_scene_29_scenario_2_smoke": 0.9904783731977664,
    "abnormal_scene_29_scenario_3": 0.5991176470588235,
    "abnormal_scene_29_scenario_4": 0.883419689119171,
    "abnormal_scene_2_scenario_1": 0.9271505376344087,
    "abnormal_scene_2_scenario_4": 0.9988938053097345,
    "abnormal_scene_2_scenario_5": 0.998917748917749,
    "abnormal_scene_2_scenario_6": 0.946126141576984,
    "abnormal_scene_3_scenario_1": 0.24621041994161236,
    "abnormal_scene_3_scenario_2": 0.1863559322033898,
    "abnormal_scene_3_scenario_6": 0.9845483857459907,
    "abnormal_scene_4_scenario_1": 0.03665389527458496,
    "abnormal_scene_4_scenario_1_fire": 0.9988938053097345,
    "abnormal_scene_4_scenario_2_fire": 0.9988938053097345,
    "abnormal_scene_4_scenario_4": 0.7335979403561468,
    "abnormal_scene_4_scenario_6": 0.9988938053097345,
    "abnormal_scene_5_scenario_1_smoke": 0.9988938053097345,
    "abnormal_scene_5_scenario_2_smoke": 0.9988938053097345,
    "abnormal_scene_5_scenario_4": 0.998917748917749,
    "abnormal_scene_5_scenario_5": 0.16123989218328838,
    "abnormal_scene_5_scenario_7": 0.998917748917749,
    "abnormal_scene_5_scenario_8": 0.976965206185567,
    "abnormal_scene_6_scenario_2": 0.23417573417573415,
    "abnormal_scene_6_scenario_3": 0.15237728144012005,
    "abnormal_scene_6_scenario_8": 0.879297443358969,
    "abnormal_scene_7_scenario_1": 0.7712757496222064,
    "abnormal_scene_7_scenario_10": 0.9988938053097345,
    "abnormal_scene_7_scenario_1_fire": 0.9988938053097345,
    "abnormal_scene_7_scenario_1_fog": 0.9365679264555669,
    "abnormal_scene_7_scenario_2": 0.9980032887009631,
    "abnormal_scene_7_scenario_2_fog": 0.8818905552651682,
    "abnormal_scene_7_scenario_2_smoke": 0.9988938053097345,
    "abnormal_scene_7_scenario_3": 0.9988938053097345,