{
  "clip_auc": 0.6871049931268514,
  "gmm_components": 5,
  "macro_auc": 0.840458768125814,
  "micro_auc": 0.6915099530433895,
  "num_frames": 92491,
  "num_videos": 211,
  "per_video_auc": {
    "abnormal_scene_10_scenario_1": 0.9988938053097345,
    "abnormal_scene_10_scenario_3": 0.8858356940509915,
    "abnormal_scene_10_scenario_4": 0.9817073170731707,
    "abnormal_scene_10_scenario_5": 0.8713146841740408,
    "abnormal_scene_10_scenario_6": 0.999003984063745,
    "abnormal_scene_10_scenario_7": 0.6481808375012259,
    "abnormal_scene_10_scenario_8": 0.9704022413448069,
    "abnormal_scene_11_scenario_1": 0.8347154963680388,
    "abnormal_scene_11_scenario_1_fog": 0.8436600805678113,
    "abnormal_scene_11_scenario_2": 0.8075308078502967,
    "abnormal_scene_11_scenario_2_fog": 0.8775093370681606,
    "abnormal_scene_11_scenario_8": 0.8783208313799031,
    "abnormal_scene_11_scenario_9": 0.9648074889350202,
    "abnormal_scene_12_scenario_1": 0.5014625014625015,
    "abnormal_scene_12_scenario_1_smoke": 0.9988938053097345,
    "abnormal_scene_12_scenario_2": 0.8841118786532052,
    "abnormal_scene_12_scenario_3": 0.8581999584286011,
    "abnormal_scene_12_scenario_4": 0.10595956759792224,
    "abnormal_scene_12_scenario_8": 0.09856573340054067,
    "abnormal_scene_12_scenario_9": 0.7102805619289136,
    "abnormal_scene_13_scenario_1": 0.8534217381008762,
    "abnormal_scene_13_scenario_1_fog": 0.6676668176328502,
    "abnormal_scene_13_scenario_2_fog": 0.9988938053097345,
    "abnormal_scene_13_scenario_3": 0.9988938053097345,
    "abnormal_scene_13_scenario_3_fog": 0.9988938053097345,
    "abnormal_scene_13_scenario_4": 0.9988938053097345,
    "abnormal_scene_13_scenario_4_fog": 0.9535223903885162,
    "abnormal_scene_13_scenario_5": 0.5494655102864058,
    "abnormal_scene_13_scenario_8": 0.7576227390180879,
    "abnormal_scene_13_scenario_9": 0.9988938053097345,
    "abnormal_scene_14_scenario_5": 0.5842335390946504,
    "abnormal_scene_14_scenario_6": 0.9988938053097345,
    "abnormal_scene_14_scenario_7": 0.9988938053097345,
    "abnormal_scene_14_scenario_8": 0.06864535768645356,
    "abnormal_scene_15_scenario_1": 0.9624118574874745,
    "abnormal_scene_15_scenario_2": 0.9074186682882335,
    "abnormal_scene_15_scenario_3": 0.9987523393636931,
    "abnormal_scene_15_scenario_4": 0.6367216117216117,
    "abnormal_scene_15_scenario_5": 0.9379293221881984,
    "abnormal_scene_15_scenario_6": 1.0,
    "abnormal_scene_15_scenario_8": 1.0,
    "abnormal_scene_15_scenario_9": 0.9988938053097345,
    "abnormal_scene_16_scenario_2": 0.35710315254506475,
    "abnormal_scene_16_scenario_3": 0.9271054900833573,
    "abnormal_scene_16_scenario_4": 0.2964922048997773,
    "abnormal_scene_17_scenario_1_smoke": 0.9988938053097345,
    "abnormal_scene_17_scenario_2": 0.09139985107967236,
    "abnormal_scene_17_scenario_2_fire": 0.9988938053097345,
    "abnormal_scene_17_scenario_4": 1.0,
    "abnormal_scene_17_scenario_5": 0.9988938053097345,
    "abnormal_scene_17_scenario_6": 0.9988938053097345,
    "abnormal_scene_17_scenario_7": 0.9988938053097345,
    "abnormal_scene_17_scenario_9": 0.056858904908742416,
    "abnormal_scene_18_scenario_5": 0.46435472739820566,
    "abnormal_scene_18_scenario_6": 0.9995125121871954,
    "abnormal_scene_18_scenario_7": 0.9988938053097345,
    "abnormal_scene_19_scenario_5": 0.47159090909090906,
    "abnormal_scene_19_scenario_6": 0.9590588132099469,
    "abnormal_scene_19_scenario_7": 0.008863645296961594,
    "abnormal_scene_19_scenario_8": 1.0,
    "abnormal_scene_1_scenario_1": 0.35839002267573694,
    "abnormal_scene_1_scenario_2": 0.9065276828434723,
    "abnormal_scene_1_scenario_4": 0.28864455326619237,
    "abnormal_scene_1_scenario_5": 1.0,
    "abnormal_scene_1_scenario_6": 0.8248396293656451,
    "abnormal_scene_1_scenario_7": 0.31073390894819464,
    "abnormal_scene_1_scenario_8": 0.9418377321603129,
    "abnormal_scene_1_scenario_9": 0.8360210141617178,
    "abnormal_scene_20_scenario_1": 0.9931300268096515,
    "abnormal_scene_20_scenario_2": 0.741643709825528,
    "abnormal_scene_20_scenario_3": 0.44424317617866,
    "abnormal_scene_20_scenario_4": 0.64334457604518,
    "abnormal_scene_21_scenario_1": 0.8932074335369525,
    "abnormal_scene_21_scenario_2": 0.9988814317673378,
    "abnormal_scene_21_scenario_3": 0.9988938053097345,
    "abnormal_scene_22_scenario_1": 0.323003064351379,
    "abnormal_scene_22_scenario_2": 0.4795706371191137,
    "abnormal_scene_22_scenario_3": 0.9988938053097345,
    "abnormal_scene_22_scenario_4": 0.2967201012444632,
    "abnormal_scene_23_scenario_1": 0.5105211227900608,
    "abnormal_scene_23_scenario_2": 0.6896352171136654,
    "abnormal_scene_23_scenario_3": 0.5171499292786421,
    "abnormal_scene_23_scenario_4": 0.7463656169538522,
    "abnormal_scene_24_scenario_1": 0.9988938053097345,
    "abnormal_scene_24_scenario_2": 0.32806914202144943,
    "abnormal_scene_24_scenario_3": 0.5786207704015923,
    "abnormal_scene_24_scenario_4": 1.0,
    "abnormal_scene_25_scenario_1": 0.965833711949114,
    "abnormal_scene_25_scenario_3": 0.9988938053097345,
    "abnormal_scene_25_scenario_4": 0.9988938053097345,
    "abnormal_scene_26_scenario_1": 0.909126126493496,
    "abnormal_scene_26_scenario_2": 0.9988938053097345,
    "abnormal_scene_26_scenario_3": 0.660015278436331,
    "abnormal_scene_26_scenario_4": 0.9852744310575636,
    "abnormal_scene_27_scenario_1_smoke": 0.9988938053097345,
    "abnormal_scene_27_scenario_2": 0.9988938053097345,
    "abnormal_scene_27_scenario_2_fire": 0.9988938053097345,
    "abnormal_scene_27_scenario_3": 0.592225513010366,
    "abnormal_scene_27_scenario_4": 0.9655311778290994,
    "abnormal_scene_28_scenario_1": 0.7927350427350427,
    "abnormal_scene_28_scenario_2": 0.606301883780332,
    "abnormal_scene_28_scenario_3": 0.786881345177665,
    "abnormal_scene_28_scenario_4": 0.7432105349524121,
    "abnormal_scene_29_scenario_1": 0.8264738598442715,
    "abnormal_scene_29_scenario_1_smoke": 0.9988938053097345,
    "abnormal_scene_29_scenario_2": 0.8314827767092149,
    "abnormal_scene_29_scenario_2_smoke": 1.0,
    "abnormal_scene_29_scenario_3": 0.658781512605042,
    "abnormal_scene_29_scenario_4": 0.988780390593862,
    "abnormal_scene_2_scenario_1": 0.9803763440860215,
    "abnormal_scene_2_scenario_4": 0.9988938053097345,
    "abnormal_scene_2_scenario_5": 0.998917748917749,
    "abnormal_scene_2_scenario_6": 0.9745315782703768,
    "abnormal_scene_3_scenario_1": 0.3131315966763979,
    "abnormal_scene_3_scenario_2": 0.23288135593220344,
    "abnormal_scene_3_scenario_6": 1.0,
    "abnormal_scene_4_scenario_1": 0.027713920817369127,
    "abnormal_scene_4_scenario_1_fire": 0.9988938053097345,
    "abnormal_scene_4_scenario_2_fire": 0.9988938053097345,
    "abnormal_scene_4_scenario_4": 0.7934563398412358,
    "abnormal_scene_4_scenario_6": 0.9988938053097345,
    "abnormal_scene_5_scenario_1_smoke": 0.9988938053097345,
    "abnormal_scene_5_scenario_2_smoke": 0.9988938053097345,
    "abnormal_scene_5_scenario_4": 0.998917748917749,
    "abnormal_scene_5_scenario_5": 0.18591194968553462,
    "abnormal_scene_5_scenario_7": 0.998917748917749,
    "abnormal_scene_5_scenario_8": 1.0,
    "abnormal_scene_6_scenario_2": 0.11670761670761666,
    "abnormal_scene_6_scenario_3": 0.21836194682890245,
    "abnormal_scene_6_scenario_8": 0.9570151735605904,
    "abnormal_scene_7_scenario_1": 0.9617036506800286,
    "abnormal_scene_7_scenario_10": 0.9988938053097345,
    "abnormal_scene_7_scenario_1_fire": 0.9988938053097345,
    "abnormal_scene_7_scenario_1_fog": 0.9761797752808989,
    "abnormal_scene_7_scenario_2": 0.9667606295513271,
    "abnormal_scene_7_scenario_2_fog": 0.8480760725342767,
    "abnormal_scene_7_scenario_2_smoke": 0.9988938053097345,
    "abnormal_scene_7_scenario_3": 0.9988938053097345,
    "abnormal_scene_7_scenario_3_fog": 0.9988938053097345,
    "abnormal_scene_7_scenario_4": 0.684673061744885,