{
  "clip_auc": 0.6920356644453303,
  "gmm_components": 5,
  "macro_auc": 0.8308566870911551,
  "micro_auc": 0.6971419753973582,
  "num_frames": 92491,
  "num_videos": 211,
  "per_video_auc": {
    "abnormal_scene_10_scenario_1": 0.9988938053097345,
    "abnormal_scene_10_scenario_3": 0.8026811007689194,
    "abnormal_scene_10_scenario_4": 0.9872505543237251,
    "abnormal_scene_10_scenario_5": 0.7732944582636707,
    "abnormal_scene_10_scenario_6": 0.999003984063745,
    "abnormal_scene_10_scenario_7": 0.5405674871694288,
    "abnormal_scene_10_scenario_8": 0.9299979987992796,
    "abnormal_scene_11_scenario_1": 0.8158292978208233,
    "abnormal_scene_11_scenario_1_fog": 0.7811480913101861,
    "abnormal_scene_11_scenario_2": 0.7566750342309448,
    "abnormal_scene_11_scenario_2_fog": 0.9261788048552754,
    "abnormal_scene_11_scenario_8": 0.8158110642287856,
    "abnormal_scene_11_scenario_9": 0.9038032196153696,
    "abnormal_scene_12_scenario_1": 0.31757731757731755,
    "abnormal_scene_12_scenario_1_smoke": 0.9988938053097345,
    "abnormal_scene_12_scenario_2": 0.874064054876576,
    "abnormal_scene_12_scenario_3": 0.8708584493868218,
    "abnormal_scene_12_scenario_4": 0.10953951986522534,
    "abnormal_scene_12_scenario_8": 0.15144572240296933,
    "abnormal_scene_12_scenario_9": 0.5911826268969126,
    "abnormal_scene_13_scenario_1": 0.9824177125266399,
    "abnormal_scene_13_scenario_1_fog": 0.6841598731884058,
    "abnormal_scene_13_scenario_2_fog": 0.9988938053097345,
    "abnormal_scene_13_scenario_3": 0.9988938053097345,
    "abnormal_scene_13_scenario_3_fog": 0.9988938053097345,
    "abnormal_scene_13_scenario_4": 0.9988938053097345,
    "abnormal_scene_13_scenario_4_fog": 0.9720315181775628,
    "abnormal_scene_13_scenario_5": 0.940681726502622,
    "abnormal_scene_13_scenario_8": 0.7086364539852912,
    "abnormal_scene_13_scenario_9": 0.9988938053097345,
    "abnormal_scene_14_scenario_5": 0.21947016460905353,
    "abnormal_scene_14_scenario_6": 0.9988938053097345,
    "abnormal_scene_14_scenario_7": 0.9988938053097345,
    "abnormal_scene_14_scenario_8": 0.08964992389649923,
    "abnormal_scene_15_scenario_1": 0.9630729263314158,
    "abnormal_scene_15_scenario_2": 0.8594123268036311,
    "abnormal_scene_15_scenario_3": 0.9088038053649408,
    "abnormal_scene_15_scenario_4": 0.6851343101343101,
    "abnormal_scene_15_scenario_5": 0.9666887362409997,
    "abnormal_scene_15_scenario_6": 0.99987640588308,
    "abnormal_scene_15_scenario_8": 0.9714257268020708,
    "abnormal_scene_15_scenario_9": 0.9988938053097345,
    "abnormal_scene_16_scenario_2": 0.32011831970142146,
    "abnormal_scene_16_scenario_3": 0.8932451853981028,
    "abnormal_scene_16_scenario_4": 0.2964922048997773,
    "abnormal_scene_17_scenario_1_smoke": 0.9856194690265487,
    "abnormal_scene_17_scenario_2": 0.16846612062546537,
    "abnormal_scene_17_scenario_2_fire": 0.9988938053097345,
    "abnormal_scene_17_scenario_4": 0.9964311463590483,
    "abnormal_scene_17_scenario_5": 0.9856194690265487,
    "abnormal_scene_17_scenario_6": 0.9988938053097345,
    "abnormal_scene_17_scenario_7": 0.9856194690265487,
    "abnormal_scene_17_scenario_9": 0.07679806650554215,
    "abnormal_scene_18_scenario_5": 0.5879802162410858,
    "abnormal_scene_18_scenario_6": 0.9178583035424114,
    "abnormal_scene_18_scenario_7": 0.9988938053097345,
    "abnormal_scene_19_scenario_5": 0.5980070461453441,
    "abnormal_scene_19_scenario_6": 0.955462479715802,
    "abnormal_scene_19_scenario_7": 0.03439330215007271,
    "abnormal_scene_19_scenario_8": 0.8689779190364672,
    "abnormal_scene_1_scenario_1": 0.4134920634920635,
    "abnormal_scene_1_scenario_2": 0.9976076555023923,
    "abnormal_scene_1_scenario_4": 0.4279543564630879,
    "abnormal_scene_1_scenario_5": 0.9959993961352657,
    "abnormal_scene_1_scenario_6": 0.8088916607270136,
    "abnormal_scene_1_scenario_7": 0.21212715855572994,
    "abnormal_scene_1_scenario_8": 0.935386119257087,
    "abnormal_scene_1_scenario_9": 0.8191640018273184,
    "abnormal_scene_20_scenario_1": 0.9952077747989275,
    "abnormal_scene_20_scenario_2": 0.6943526170798897,
    "abnormal_scene_20_scenario_3": 0.3796774193548387,
    "abnormal_scene_20_scenario_4": 0.7784336026355008,
    "abnormal_scene_21_scenario_1": 0.9128667297599586,
    "abnormal_scene_21_scenario_2": 0.9988814317673378,
    "abnormal_scene_21_scenario_3": 0.9988938053097345,
    "abnormal_scene_22_scenario_1": 0.19689479060265577,
    "abnormal_scene_22_scenario_2": 0.1130163796218235,
    "abnormal_scene_22_scenario_3": 0.9988938053097345,
    "abnormal_scene_22_scenario_4": 0.5033220839485341,
    "abnormal_scene_23_scenario_1": 0.63498248157545,
    "abnormal_scene_23_scenario_2": 0.6901241219667944,
    "abnormal_scene_23_scenario_3": 0.545337441907456,
    "abnormal_scene_23_scenario_4": 0.8598138245197069,
    "abnormal_scene_24_scenario_1": 0.9988938053097345,
    "abnormal_scene_24_scenario_2": 0.49358141046473836,
    "abnormal_scene_24_scenario_3": 0.7484096319712759,
    "abnormal_scene_24_scenario_4": 1.0,
    "abnormal_scene_25_scenario_1": 0.9427230046948357,
    "abnormal_scene_25_scenario_3": 0.9856194690265487,
    "abnormal_scene_25_scenario_4": 0.9988938053097345,
    "abnormal_scene_26_scenario_1": 0.855431635607389,
    "abnormal_scene_26_scenario_2": 0.9988938053097345,
    "abnormal_scene_26_scenario_3": 0.5611269163900743,
    "abnormal_scene_26_scenario_4": 1.0,
    "abnormal_scene_27_scenario_1_smoke": 0.9988938053097345,
    "abnormal_scene_27_scenario_2": 0.9988938053097345,
    "abnormal_scene_27_scenario_2_fire": 0.9988938053097345,
    "abnormal_scene_27_scenario_3": 0.8188703194415062,
    "abnormal_scene_27_scenario_4": 0.9331986143187067,
    "abnormal_scene_28_scenario_1": 0.7676443926443925,
    "abnormal_scene_28_scenario_2": 0.36904334291187746,
    "abnormal_scene_28_scenario_3": 0.8044693845177665,
    "abnormal_scene_28_scenario_4": 0.6429172136527731,
    "abnormal_scene_29_scenario_1": 0.8022494129279446,
    "abnormal_scene_29_scenario_1_smoke": 0.9988938053097345,
    "abnormal_scene_29_scenario_2": 0.8288380835810457,
    "abnormal_scene_29_scenario_2_smoke": 0.9818318193182765,
    "abnormal_scene_29_scenario_3": 0.6634033613445378,
    "abnormal_scene_29_scenario_4": 0.9449581506576327,
    "abnormal_scene_2_scenario_1": 0.9873655913978495,
    "abnormal_scene_2_scenario_4": 0.9988938053097345,
    "abnormal_scene_2_scenario_5": 0.998917748917749,
    "abnormal_scene_2_scenario_6": 0.9572096214037645,
    "abnormal_scene_3_scenario_1": 0.3331461935773636,
    "abnormal_scene_3_scenario_2": 0.17601694915254235,
    "abnormal_scene_3_scenario_6": 0.9998115656798291,
    "abnormal_scene_4_scenario_1": 0.07835249042145598,
    "abnormal_scene_4_scenario_1_fire": 0.9988938053097345,
    "abnormal_scene_4_scenario_2_fire": 0.9856194690265487,
    "abnormal_scene_4_scenario_4": 0.6321282986483587,
    "abnormal_scene_4_scenario_6": 0.9988938053097345,
    "abnormal_scene_5_scenario_1_smoke": 0.9988938053097345,
    "abnormal_scene_5_scenario_2_smoke": 0.9988938053097345,
    "abnormal_scene_5_scenario_4": 0.998917748917749,
    "abnormal_scene_5_scenario_5": 0.3474393530997305,
    "abnormal_scene_5_scenario_7": 0.998917748917749,
    "abnormal_scene_5_scenario_8": 0.996366695303551,
    "abnormal_scene_6_scenario_2": 0.14162864162864158,
    "abnormal_scene_6_scenario_3": 0.14921035086257192,
    "abnormal_scene_6_scenario_8": 0.7358865100810642,
    "abnormal_scene_7_scenario_1": 0.994750656167979,
    "abnormal_scene_7_scenario_10": 0.9988938053097345,
    "abnormal_scene_7_scenario_1_fire": 0.9988938053097345,
    "abnormal_scene_7_scenario_1_fog": 0.8775689479060265,
    "abnormal_scene_7_scenario_2": 0.984809333646543,
    "abnormal_scene_7_scenario_2_fog": 0.8199509468859314,
    "abnormal_scene_7_scenario_2_smoke": 0.9988938053097345,
    "abnormal_scene_7_scenario_3": 0.9988938053097345,