{
  "clip_auc": 0.7309022450156689,
  "gmm_components": 5,
  "macro_auc": 0.8410485619627349,
  "micro_auc": 0.7393814976036668,
  "num_frames": 92491,
  "num_videos": 211,
  "per_video_auc": {
    "abnormal_scene_10_scenario_1": 0.9988938053097345,
    "abnormal_scene_10_scenario_3": 0.7350870093079724,
    "abnormal_scene_10_scenario_4": 0.9905764966740577,
    "abnormal_scene_10_scenario_5": 0.8673796028218408,
    "abnormal_scene_10_scenario_6": 0.999003984063745,
    "abnormal_scene_10_scenario_7": 0.5211745284560818,
    "abnormal_scene_10_scenario_8": 0.9611366820092055,
    "abnormal_scene_11_scenario_1": 0.6560835351089589,
    "abnormal_scene_11_scenario_1_fog": 0.5881210435449836,
    "abnormal_scene_11_scenario_2": 0.8416134185303513,
    "abnormal_scene_11_scenario_2_fog": 0.8888597105508869,
    "abnormal_scene_11_scenario_8": 0.913033286451008,
    "abnormal_scene_11_scenario_9": 0.9821001919235439,
    "abnormal_scene_12_scenario_1": 0.9743769743769743,
    "abnormal_scene_12_scenario_1_smoke": 0.9988938053097345,
    "abnormal_scene_12_scenario_2": 0.8140186464422008,
    "abnormal_scene_12_scenario_3": 0.8631261691955934,
    "abnormal_scene_12_scenario_4": 0.04660957461743648,
    "abnormal_scene_12_scenario_8": 0.06378591394400399,
    "abnormal_scene_12_scenario_9": 0.8391297347341304,
    "abnormal_scene_13_scenario_1": 0.8110940089983424,
    "abnormal_scene_13_scenario_1_fog": 0.7806838768115942,
    "abnormal_scene_13_scenario_2_fog": 0.9988938053097345,
    "abnormal_scene_13_scenario_3": 0.9988938053097345,
    "abnormal_scene_13_scenario_3_fog": 0.9988938053097345,
    "abnormal_scene_13_scenario_4": 0.9988938053097345,
    "abnormal_scene_13_scenario_4_fog": 0.9476907473864877,
    "abnormal_scene_13_scenario_5": 0.6388059701492537,
    "abnormal_scene_13_scenario_8": 0.6699960246471874,
    "abnormal_scene_13_scenario_9": 0.9988938053097345,
    "abnormal_scene_14_scenario_5": 0.35717592592592595,
    "abnormal_scene_14_scenario_6": 0.9988938053097345,
    "abnormal_scene_14_scenario_7": 0.9988938053097345,
    "abnormal_scene_14_scenario_8": 0.24421613394216132,
    "abnormal_scene_15_scenario_1": 0.9624118574874745,
    "abnormal_scene_15_scenario_2": 0.9098944533727142,
    "abnormal_scene_15_scenario_3": 0.9892974111041796,
    "abnormal_scene_15_scenario_4": 0.6367216117216117,
    "abnormal_scene_15_scenario_5": 0.9585988578995283,
    "abnormal_scene_15_scenario_6": 1.0,
    "abnormal_scene_15_scenario_8": 0.9367118014071418,
    "abnormal_scene_15_scenario_9": 0.9988938053097345,
    "abnormal_scene_16_scenario_2": 0.3381045025013897,
    "abnormal_scene_16_scenario_3": 0.9193733831560793,
    "abnormal_scene_16_scenario_4": 0.2964922048997773,
    "abnormal_scene_17_scenario_1_smoke": 0.9988938053097345,
    "abnormal_scene_17_scenario_2": 0.6848135111351791,
    "abnormal_scene_17_scenario_2_fire": 0.9988938053097345,
    "abnormal_scene_17_scenario_4": 1.0,
    "abnormal_scene_17_scenario_5": 0.9988938053097345,
    "abnormal_scene_17_scenario_6": 0.9988938053097345,
    "abnormal_scene_17_scenario_7": 0.9988938053097345,
    "abnormal_scene_17_scenario_9": 0.09427868989082426,
    "abnormal_scene_18_scenario_5": 0.6687830687830688,
    "abnormal_scene_18_scenario_6": 0.9835066623334416,
    "abnormal_scene_18_scenario_7": 0.9988938053097345,
    "abnormal_scene_19_scenario_5": 0.6841150870406191,
    "abnormal_scene_19_scenario_6": 0.9573702907767203,
    "abnormal_scene_19_scenario_7": 0.008863645296961594,
    "abnormal_scene_19_scenario_8": 1.0,
    "abnormal_scene_1_scenario_1": 0.35839002267573694,
    "abnormal_scene_1_scenario_2": 0.9982911825017088,
    "abnormal_scene_1_scenario_4": 0.6098008869999076,
    "abnormal_scene_1_scenario_5": 0.9997358091787439,
    "abnormal_scene_1_scenario_6": 0.8649322879543834,
    "abnormal_scene_1_scenario_7": 0.31917189952904235,
    "abnormal_scene_1_scenario_8": 0.7360703812316716,
    "abnormal_scene_1_scenario_9": 0.8703746002740979,
    "abnormal_scene_20_scenario_1": 0.9942359249329759,
    "abnormal_scene_20_scenario_2": 0.7119069482705846,
    "abnormal_scene_20_scenario_3": 0.18126550868486357,
    "abnormal_scene_20_scenario_4": 0.7761589144246608,
    "abnormal_scene_21_scenario_1": 0.8952938139895035,
    "abnormal_scene_21_scenario_2": 0.9988814317673378,
    "abnormal_scene_21_scenario_3": 0.9988938053097345,
    "abnormal_scene_22_scenario_1": 0.5062002042900918,
    "abnormal_scene_22_scenario_2": 0.21550945441406727,
    "abnormal_scene_22_scenario_3": 0.9988938053097345,
    "abnormal_scene_22_scenario_4": 0.530215144484286,
    "abnormal_scene_23_scenario_1": 0.4292316056542226,
    "abnormal_scene_23_scenario_2": 0.69029374201788,
    "abnormal_scene_23_scenario_3": 0.4366286118407759,
    "abnormal_scene_23_scenario_4": 0.8610814022578729,
    "abnormal_scene_24_scenario_1": 0.9988938053097345,
    "abnormal_scene_24_scenario_2": 0.18656564835879103,
    "abnormal_scene_24_scenario_3": 0.5326854778909574,
    "abnormal_scene_24_scenario_4": 1.0,
    "abnormal_scene_25_scenario_1": 0.9332727548084204,
    "abnormal_scene_25_scenario_3": 0.9988938053097345,
    "abnormal_scene_25_scenario_4": 0.9988938053097345,
    "abnormal_scene_26_scenario_1": 0.9619540839212167,
    "abnormal_scene_26_scenario_2": 0.9988938053097345,
    "abnormal_scene_26_scenario_3": 0.4488830936199358,
    "abnormal_scene_26_scenario_4": 1.0,
    "abnormal_scene_27_scenario_1_smoke": 0.9988938053097345,
    "abnormal_scene_27_scenario_2": 0.9988938053097345,
    "abnormal_scene_27_scenario_2_fire": 0.9988938053097345,
    "abnormal_scene_27_scenario_3": 0.3357097524857204,
    "abnormal_scene_27_scenario_4": 0.9668013856812933,
    "abnormal_scene_28_scenario_1": 0.6754726754726754,
    "abnormal_scene_28_scenario_2": 0.5205040708812261,
    "abnormal_scene_28_scenario_3": 0.8153553299492385,
    "abnormal_scene_28_scenario_4": 0.6345175582540203,
    "abnormal_scene_29_scenario_1": 0.8455691509084168,
    "abnormal_scene_29_scenario_1_smoke": 0.9988938053097345,
    "abnormal_scene_29_scenario_2": 0.7273015387305473,
    "abnormal_scene_29_scenario_2_smoke": 0.9986248854071172,
    "abnormal_scene_29_scenario_3": 0.6811344537815126,
    "abnormal_scene_29_scenario_4": 0.9958150657632523,
    "abnormal_scene_2_scenario_1": 0.9846774193548387,
    "abnormal_scene_2_scenario_4": 0.9988938053097345,
    "abnormal_scene_2_scenario_5": 0.998917748917749,
    "abnormal_scene_2_scenario_6": 0.9837070702739784,
    "abnormal_scene_3_scenario_1": 0.2634459914664271,
    "abnormal_scene_3_scenario_2": 0.4651271186440678,
    "abnormal_scene_3_scenario_6": 1.0,
    "abnormal_scene_4_scenario_1": 0.027713920817369127,
    "abnormal_scene_4_scenario_1_fire": 0.9988938053097345,
    "abnormal_scene_4_scenario_2_fire": 0.9988938053097345,
    "abnormal_scene_4_scenario_4": 0.6982621754988201,
    "abnormal_scene_4_scenario_6": 0.9988938053097345,
    "abnormal_scene_5_scenario_1_smoke": 0.9988938053097345,
    "abnormal_scene_5_scenario_2_smoke": 0.9988938053097345,
    "abnormal_scene_5_scenario_4": 0.998917748917749,
    "abnormal_scene_5_scenario_5": 0.20519317160826592,
    "abnormal_scene_5_scenario_7": 0.998917748917749,
    "abnormal_scene_5_scenario_8": 1.0,
    "abnormal_scene_6_scenario_2": 0.04130104130104125,
    "abnormal_scene_6_scenario_3": 0.16471164263688645,
    "abnormal_scene_6_scenario_8": 1.0,
    "abnormal_scene_7_scenario_1": 0.9228306688936608,
    "abnormal_scene_7_scenario_10": 0.9988938053097345,
    "abnormal_scene_7_scenario_1_fire": 0.9988938053097345,
    "abnormal_scene_7_scenario_1_fog": 0.9516649642492339,
    "abnormal_scene_7_scenario_2": 0.9931876908621095,
    "abnormal_scene_7_scenario_2_fog": 0.9531985042820956,
    "abnormal_scene_7_scenario_2_smoke": 0.9988938053097345,
    "abnormal_scene_7_scenario_3": 0.9988938053097345,
    "abnormal_scene_7_scenario_3_fog": 0.9988938053097345,
    "abnormal_scene_7_scenario_4": 0.7622184445388865,